url,score,closest_domain,min_edit_distance,is_typosquat,has_punycode,has_mixed_script,tld_type
http://veaxz.fwh.is/,0.0,dmh.go.th,2,0,0,0,other
https://did.li/aHAmC,0.0,dbd.go.th,1,0,0,0,other
http://dpd.hvtmxqr.xin/com,0.025,dmcr.go.th,5,0,0,0,other
http://gweissrs.github.io/Netflix_telalogin,0.0375,ait.ac.th,4,0,0,0,other
https://q.funyfpt.org/flampifypdf/flhanper/,0.0375,ant.ac.th,5,0,0,0,other
https://yahwebonlinetime.weebly.com/,0.0443,bbl.co.th,4,0,0,0,other
https://bet98d.com/,0.0604,bot.or.th,4,0,0,0,other
http://alwajalwa.github.io/video-player,0.0988,ait.ac.th,4,0,0,0,other
https://gnlgroup.net/santander/index.html,0.2282,uobgroup.com,3,1,0,0,other
